{
  "psnr_db": {
    "mean": 39.1514264010816,
    "std": 0.00010199594518648685,
    "min": 39.15131201094122,
    "max": 39.15179598472677
  },
  "mse": {
    "mean": 0.00012157866212415092,
    "std": 2.855279984411943e-09
  },
  "num_images": 100
}